level,action_mana_cost,coins_per_dollar,max_mana_capacity,capacity_upgrade_cost,mana_recharge_rate_per_hour,speed_upgrade_cost
1,3,12.96,90,3,4.5,3
2,6,25.92,193,14,9.65,6
3,10,43.2,301,34,15.07,10
4,14,60.48,414,63,20.68,14
5,18,77.76,529,103,26.43,18
6,22,95.04,646,155,32.3,22
7,26,112.32,765,217,38.27,26
8,30,129.6,886,291,44.32,30
9,34,146.88,1009,377,50.45,34
10,38,164.16,1133,475,56.65,38
11,42,181.44,1258,586,62.91,42
12,46,198.72,1385,710,69.23,46
13,50,216.0,1512,847,75.6,50
14,55,237.6,1641,997,82.03,55
15,59,254.88,1770,1160,88.49,59
16,63,272.16,1900,1337,95.0,63
17,68,293.76,2031,1528,101.56,68
18,72,311.04,2163,1733,108.15,72
19,77,332.64,2295,1952,114.77,77
20,81,349.92,2429,2185,121.44,81
