transaction_id,user_id,created_at,currency,amount,event_type,user_level,capacity_level,speed_level,source_system,status,external_transaction_id,idempotency_key,metadata
tx_1001,usr_alex_01,2026-10-01T08:00:00Z,COIN,25.0,OCCASIONAL_GIFT,1,1,1,GAME_ENGINE,SETTLED,,gift_welcome_alex_01,"{""note"": ""Starter welcome gift"", ""balance_after"": 25.0}"
tx_1002,usr_alex_01,2026-10-01T08:10:00Z,MANA,90.0,RECHARGE_TICK,1,1,1,GAME_ENGINE,SETTLED,,recharge_u1_init_cap,"{""reason"": ""Auto-recharge to Level 1 capacity (90)"", ""balance_after"": 90.0}"
tx_1003,usr_alex_01,2026-10-01T08:15:00Z,MANA,-3.0,ACTION_SPEND,1,1,1,GAME_ENGINE,SETTLED,,act_u1_001,"{""action"": ""move_forward"", ""formula"": ""3 * 1^1.1 = 3"", ""balance_after"": 87.0}"
tx_1004,usr_alex_01,2026-10-01T08:16:00Z,MANA,-3.0,ACTION_SPEND,1,1,1,GAME_ENGINE,SETTLED,,act_u1_002,"{""action"": ""move_forward"", ""balance_after"": 84.0}"
tx_1005,usr_alex_01,2026-10-01T09:20:00Z,MANA,6.0,RECHARGE_TICK,1,1,1,GAME_ENGINE,SETTLED,,recharge_u1_002,"{""reason"": ""Auto-recharge tops up back to capacity"", ""balance_after"": 90.0}"
tx_1006,usr_alex_01,2026-10-01T12:00:00Z,MANA,-18.0,ACTION_SPEND,5,1,1,GAME_ENGINE,SETTLED,,act_u1_010,"{""formula"": ""round(3 * 5^1.1) = 18"", ""balance_after"": 72.0}"
tx_1007,usr_alex_01,2026-10-01T12:05:00Z,COIN,0.0,IAP_PURCHASE_CLAIM,5,1,1,CLIENT_CALLBACK,PENDING_VERIFICATION,GPA.3391-4820-9912,claim_GPA.3391-4820-9912,"{""item_id"": ""coin_bag"", ""price_usd"": 4.99}"
tx_1008,usr_alex_01,2026-10-01T12:05:00Z,COIN,388.0,IAP_PURCHASE,5,1,1,PG_WEBHOOK,SETTLED,GPA.3391-4820-9912,settle_GPA.3391-4820-9912,"{""item_id"": ""coin_bag"", ""cpd"": 77.76, ""coins_awarded"": 388, ""balance_after"": 413.0}"
tx_1009,usr_alex_01,2026-10-01T12:05:00Z,FIAT_USD,4.99,IAP_REVENUE,5,1,1,PG_WEBHOOK,SETTLED,GPA.3391-4820-9912,fiat_GPA.3391-4820-9912,"{""gateway"": ""Google_Play""}"
tx_1010,usr_alex_01,2026-10-01T12:20:00Z,COIN,0.0,RECONCILIATION_AUDIT,5,1,1,RECON_JOB,DUPLICATE_IGNORED,GPA.3391-4820-9912,recon_GPA.3391-4820-9912,"{""status"": ""ALREADY_SETTLED""}"
tx_1011,usr_alex_01,2026-10-01T12:25:00Z,COIN,-14.0,UPGRADE_CAPACITY,5,2,1,GAME_ENGINE,SETTLED,,upg_cap_u1_lv2,"{""new_cap"": 193, ""balance_after"": 399.0}"
tx_1012,usr_alex_01,2026-10-01T12:30:00Z,COIN,-6.0,UPGRADE_SPEED,5,2,2,GAME_ENGINE,SETTLED,,upg_spd_u1_lv2,"{""new_speed"": 9.65, ""balance_after"": 393.0}"
tx_1013,usr_alex_01,2026-10-01T13:00:00Z,COIN,-20.0,BUY_BOOST,5,2,2,GAME_ENGINE,SETTLED,,boost_u1_001,"{""type"": ""2X_SPEED"", ""duration"": 5, ""balance_after"": 373.0}"
tx_1014,usr_alex_01,2026-10-01T13:05:00Z,MANA,2.0,RECHARGE_TICK,5,2,2,GAME_ENGINE,SETTLED,,recharge_boost_u1_001,"{""boost_active"": true, ""balance_after"": 74.0}"
tx_1015,usr_alex_01,2026-10-01T14:00:00Z,COIN,-30.0,COIN_TO_MANA_EXCHANGE,5,2,2,GAME_ENGINE,SETTLED,,c2m_u1_coin,"{""mana_acquired"": 100, ""balance_after"": 343.0}"
tx_1016,usr_alex_01,2026-10-01T14:00:00Z,MANA,100.0,COIN_TO_MANA_EXCHANGE,5,2,2,GAME_ENGINE,SETTLED,,c2m_u1_mana,"{""coins_cost"": 30, ""balance_after"": 174.0}"
tx_1017,usr_bella_02,2026-10-01T15:00:00Z,COIN,0.0,IAP_PURCHASE_CLAIM,10,4,3,CLIENT_CALLBACK,PENDING_VERIFICATION,GPA.9999-0000-FAKE,claim_GPA.9999-0000-FAKE,"{""item_id"": ""coin_barrel""}"
tx_1018,usr_bella_02,2026-10-01T15:15:00Z,COIN,0.0,RECONCILIATION_AUDIT,10,4,3,RECON_JOB,REJECTED,GPA.9999-0000-FAKE,recon_GPA.9999-0000-FAKE,"{""error"": ""PG_404_NOT_FOUND"", ""fraud_flag"": true}"
